username,password,P_username,order.creditCard,order.expiryDate,account.firstName,account.lastName,account.email,account.phone,account.address1,account.city,account.state,account.zip,P_password,account.country
Testerrr194,Test@123,Testerr12,5.00E+15,Dec-40,Testt,Testing,Test+121@yopmail.com,9801112221,1-2-3 Himayathnagar,Hyderabad,Telangana,500029,Test@123,India
Testerrr195,Test@123,Testtyir1,5.00E+15,Dec-40,Testt,Testing,Test+122@yopmail.com,9801112222,1-2-3 Himayathnagar,Hyderabad,Telangana,500029,Test@123,India
Testerrr196,Test@123,Testerrr3,5.00E+15,Dec-40,Testt,Testing,Test+123@yopmail.com,9801112223,1-2-3 Himayathnagar,Hyderabad,Telangana,500029,Test@123,India
Testerrr197,Test@123,Testerrr4,5.00E+15,Dec-40,Testt,Testing,Test+124@yopmail.com,9801112224,1-2-3 Himayathnagar,Hyderabad,Telangana,500029,Test@123,India
Testerrr198,Test@123,Testerrr5,5.00E+15,Dec-40,Testt,Testing,Test+125@yopmail.com,9801112225,1-2-3 Himayathnagar,Hyderabad,Telangana,500029,Test@123,India
Testerrr199,Test@123,Testerrr6,5.00E+15,Dec-40,Testt,Testing,Test+126@yopmail.com,9801112226,1-2-3 Himayathnagar,Hyderabad,Telangana,500029,Test@123,India
Testerrr150,Test@123,Testerrr7,5.00E+15,Dec-40,Testt,Testing,Test+127@yopmail.com,9801112227,1-2-3 Himayathnagar,Hyderabad,Telangana,500029,Test@123,India
Testerrr151,Test@123,Testerrr8,5.00E+15,Dec-40,Testt,Testing,Test+128@yopmail.com,9801112228,1-2-3 Himayathnagar,Hyderabad,Telangana,500029,Test@123,India
Testerrr152,Test@123,Testerrr9,5.00E+15,Dec-40,Testt,Testing,Test+129@yopmail.com,9801112229,1-2-3 Himayathnagar,Hyderabad,Telangana,500029,Test@123,India
Testerrr153,Test@123,Testerrr10,5.00E+15,Dec-40,Testt,Testing,Test+130@yopmail.com,9801112230,1-2-3 Himayathnagar,Hyderabad,Telangana,500029,Test@123,India
Testerrr154,Test@123,Testerr12,5.00E+15,Dec-40,Testt,Testing,Test+131@yopmail.com,9801112231,1-2-3 Himayathnagar,Hyderabad,Telangana,500029,Test@123,India
Testerrr155,Test@123,Testtyir1,5.00E+15,Dec-40,Testt,Testing,Test+132@yopmail.com,9801112232,1-2-3 Himayathnagar,Hyderabad,Telangana,500029,Test@123,India
Testerrr156,Test@123,Testerrr3,5.00E+15,Dec-40,Testt,Testing,Test+133@yopmail.com,9801112233,1-2-3 Himayathnagar,Hyderabad,Telangana,500029,Test@123,India
Testerrr157,Test@123,Testerrr4,5.00E+15,Dec-40,Testt,Testing,Test+134@yopmail.com,9801112234,1-2-3 Himayathnagar,Hyderabad,Telangana,500029,Test@123,India
Testerrr158,Test@123,Testerrr5,5.00E+15,Dec-40,Testt,Testing,Test+135@yopmail.com,9801112235,1-2-3 Himayathnagar,Hyderabad,Telangana,500029,Test@123,India
Testerrr159,Test@123,Testerrr6,5.00E+15,Dec-40,Testt,Testing,Test+136@yopmail.com,9801112236,1-2-3 Himayathnagar,Hyderabad,Telangana,500029,Test@123,India
Testerrr160,Test@123,Testerrr7,5.00E+15,Dec-40,Testt,Testing,Test+137@yopmail.com,9801112237,1-2-3 Himayathnagar,Hyderabad,Telangana,500029,Test@123,India
Testerrr161,Test@123,Testerrr8,5.00E+15,Dec-40,Testt,Testing,Test+138@yopmail.com,9801112238,1-2-3 Himayathnagar,Hyderabad,Telangana,500029,Test@123,India
Testerrr162,Test@123,Testerrr9,5.00E+15,Dec-40,Testt,Testing,Test+139@yopmail.com,9801112239,1-2-3 Himayathnagar,Hyderabad,Telangana,500029,Test@123,India
Testerrr163,Test@123,Testerrr10,5.00E+15,Dec-40,Testt,Testing,Test+140@yopmail.com,9801112240,1-2-3 Himayathnagar,Hyderabad,Telangana,500029,Test@123,India
Testerrr164,Test@123,Testerr12,5.00E+15,Dec-40,Testt,Testing,Test+141@yopmail.com,9801112241,1-2-3 Himayathnagar,Hyderabad,Telangana,500029,Test@123,India
Testerrr165,Test@123,Testtyir1,5.00E+15,Dec-40,Testt,Testing,Test+142@yopmail.com,9801112242,1-2-3 Himayathnagar,Hyderabad,Telangana,500029,Test@123,India
Testerrr166,Test@123,Testerrr3,5.00E+15,Dec-40,Testt,Testing,Test+143@yopmail.com,9801112243,1-2-3 Himayathnagar,Hyderabad,Telangana,500029,Test@123,India
Testerrr167,Test@123,Testerrr4,5.00E+15,Dec-40,Testt,Testing,Test+144@yopmail.com,9801112244,1-2-3 Himayathnagar,Hyderabad,Telangana,500029,Test@123,India
Testerrr168,Test@123,Testerrr5,5.00E+15,Dec-40,Testt,Testing,Test+145@yopmail.com,9801112245,1-2-3 Himayathnagar,Hyderabad,Telangana,500029,Test@123,India
Testerrr169,Test@123,Testerrr6,5.00E+15,Dec-40,Testt,Testing,Test+146@yopmail.com,9801112246,1-2-3 Himayathnagar,Hyderabad,Telangana,500029,Test@123,India
Testerrr170,Test@123,Testerrr7,5.00E+15,Dec-40,Testt,Testing,Test+147@yopmail.com,9801112247,1-2-3 Himayathnagar,Hyderabad,Telangana,500029,Test@123,India
Testerrr171,Test@123,Testerrr8,5.00E+15,Dec-40,Testt,Testing,Test+148@yopmail.com,9801112248,1-2-3 Himayathnagar,Hyderabad,Telangana,500029,Test@123,India
Testerrr172,Test@123,Testerrr9,5.00E+15,Dec-40,Testt,Testing,Test+149@yopmail.com,9801112249,1-2-3 Himayathnagar,Hyderabad,Telangana,500029,Test@123,India
Testerrr173,Test@123,Testerrr10,5.00E+15,Dec-40,Testt,Testing,Test+150@yopmail.com,9801112250,1-2-3 Himayathnagar,Hyderabad,Telangana,500029,Test@123,India
Testerrr174,Test@123,Testerr12,5.00E+15,Dec-40,Testt,Testing,Test+151@yopmail.com,9801112251,1-2-3 Himayathnagar,Hyderabad,Telangana,500029,Test@123,India
Testerrr175,Test@123,Testtyir1,5.00E+15,Dec-40,Testt,Testing,Test+152@yopmail.com,9801112252,1-2-3 Himayathnagar,Hyderabad,Telangana,500029,Test@123,India
Testerrr176,Test@123,Testerrr3,5.00E+15,Dec-40,Testt,Testing,Test+153@yopmail.com,9801112253,1-2-3 Himayathnagar,Hyderabad,Telangana,500029,Test@123,India
Testerrr177,Test@123,Testerrr4,5.00E+15,Dec-40,Testt,Testing,Test+154@yopmail.com,9801112254,1-2-3 Himayathnagar,Hyderabad,Telangana,500029,Test@123,India
Testerrr178,Test@123,Testerrr5,5.00E+15,Dec-40,Testt,Testing,Test+155@yopmail.com,9801112255,1-2-3 Himayathnagar,Hyderabad,Telangana,500029,Test@123,India
Testerrr179,Test@123,Testerrr6,5.00E+15,Dec-40,Testt,Testing,Test+156@yopmail.com,9801112256,1-2-3 Himayathnagar,Hyderabad,Telangana,500029,Test@123,India
Testerrr180,Test@123,Testerrr7,5.00E+15,Dec-40,Testt,Testing,Test+157@yopmail.com,9801112257,1-2-3 Himayathnagar,Hyderabad,Telangana,500029,Test@123,India
Testerrr181,Test@123,Testerrr8,5.00E+15,Dec-40,Testt,Testing,Test+158@yopmail.com,9801112258,1-2-3 Himayathnagar,Hyderabad,Telangana,500029,Test@123,India
Testerrr182,Test@123,Testerrr9,5.00E+15,Dec-40,Testt,Testing,Test+159@yopmail.com,9801112259,1-2-3 Himayathnagar,Hyderabad,Telangana,500029,Test@123,India
Testerrr183,Test@123,Testerrr10,5.00E+15,Dec-40,Testt,Testing,Test+160@yopmail.com,9801112260,1-2-3 Himayathnagar,Hyderabad,Telangana,500029,Test@123,India
Testerrr184,Test@123,Testerr12,5.00E+15,Dec-40,Testt,Testing,Test+161@yopmail.com,9801112261,1-2-3 Himayathnagar,Hyderabad,Telangana,500029,Test@123,India
Testerrr185,Test@123,Testtyir1,5.00E+15,Dec-40,Testt,Testing,Test+162@yopmail.com,9801112262,1-2-3 Himayathnagar,Hyderabad,Telangana,500029,Test@123,India
Testerrr186,Test@123,Testerrr3,5.00E+15,Dec-40,Testt,Testing,Test+163@yopmail.com,9801112263,1-2-3 Himayathnagar,Hyderabad,Telangana,500029,Test@123,India
Testerrr187,Test@123,Testerrr4,5.00E+15,Dec-40,Testt,Testing,Test+164@yopmail.com,9801112264,1-2-3 Himayathnagar,Hyderabad,Telangana,500029,Test@123,India
Testerrr188,Test@123,Testerrr5,5.00E+15,Dec-40,Testt,Testing,Test+165@yopmail.com,9801112265,1-2-3 Himayathnagar,Hyderabad,Telangana,500029,Test@123,India
Testerrr189,Test@123,Testerrr6,5.00E+15,Dec-40,Testt,Testing,Test+166@yopmail.com,9801112266,1-2-3 Himayathnagar,Hyderabad,Telangana,500029,Test@123,India
Testerrr190,Test@123,Testerrr7,5.00E+15,Dec-40,Testt,Testing,Test+167@yopmail.com,9801112267,1-2-3 Himayathnagar,Hyderabad,Telangana,500029,Test@123,India
Testerrr191,Test@123,Testerrr8,5.00E+15,Dec-40,Testt,Testing,Test+168@yopmail.com,9801112268,1-2-3 Himayathnagar,Hyderabad,Telangana,500029,Test@123,India
Testerrr142,Test@123,Testerrr9,5.00E+15,Dec-40,Testt,Testing,Test+169@yopmail.com,9801112269,1-2-3 Himayathnagar,Hyderabad,Telangana,500029,Test@123,India
Testerrr143,Test@123,Testerrr10,5.00E+15,Dec-40,Testt,Testing,Test+170@yopmail.com,9801112270,1-2-3 Himayathnagar,Hyderabad,Telangana,500029,Test@123,India
